Question,Source,Type,Ground Truth Answer
What were the significant contributions of Ada Lovelace to the field of computing?,Ada Lovelace.txt,single-hop,"Ada Lovelace's significant contributions to the field of computing are primarily centered around her work with Charles Babbage's proposed mechanical general-purpose computer, the Analytical Engine. Her most notable achievements include:

1. **First Computer Algorithm**: Lovelace is credited with publishing the first algorithm intended for a machine, which included a detailed set of instructions for the Analytical Engine to calculate Bernoulli numbers. This is considered the first published computer program, marking her as the world's first computer programmer.

2. **Translation and Expansion of Ideas**: In 1842-43, she translated an article by Luigi Menabrea on the Analytical Engine. More importantly, she appended her own notes to the translation, which tripled the length of the original article. Her notes provided a more comprehensive explanation of how the Analytical Engine could operate and perform complex calculations.

3. **Visionary Insights**: Beyond her work on the algorithm, Lovelace had a visionary understanding of the potential of computing machines. She speculated that such machines could do much more than just numerical calculations. Her insights included the potential to create music, produce graphics, and have applications in various fields beyond pure computation. These ideas suggested a future where computers would have diverse and profound applications, concepts that took more than a century to be realized.

Through her work and foresight, Ada Lovelace played a pioneering role in the early conceptualization of what computers could become, laying the groundwork for the future of computing technology."
How did Ada Lovelace's early life and education influence her career as a mathematician?,Ada Lovelace.txt,single-hop,"Ada Lovelace's early life and education had a profound influence on her career as a mathematician, setting the foundation for her groundbreaking contributions to the field of computing. Her mother, Anne Isabella Milbanke, was determined to steer Ada away from the ""insanity"" or poetic temperament attributed to her father, Lord Byron, ensuring that Ada received a rigorous education focused on mathematics and science. This emphasis on a scientific and mathematical education was unusual for women in the 19th century, highlighting the unique and forward-thinking environment in which Ada was raised.

Her education included instruction from notable figures such as Mary Somerville, a Scottish astronomer and mathematician, and Augustus De Morgan, a professor of mathematics at the University of London. These tutors provided Ada with a strong foundation in mathematical principles and scientific inquiry, fostering her analytical skills and nurturing her intellectual curiosity.

This educational background directly influenced her later work with Charles Babbage. Her introduction to Babbage at the age of 17 sparked a deep interest in his work on mechanical computation, particularly the Analytical Engine. Ada's ability to understand complex mathematical concepts and her innovative thinking were evident in her translation of an Italian article on the Analytical Engine by Luigi Menabrea. Her extensive notes on the translation included an algorithm for computing Bernoulli numbers, which is considered the first published computer program.

Additionally, Lovelace's ability to integrate her understanding of mathematics with imaginative speculation allowed her to envision the broader potential of computing machines beyond mere calculation, anticipating applications such as music creation and graphics. Her educational background not only gave her the technical expertise needed to contribute substantially to the field but also encouraged her to explore the creative intersections between mathematics, science, and the arts, evident in her concept of ""poetical science.""

In summary, Ada Lovelace's early life and education were pivotal in shaping her career as a mathematician. The rigorous and forward-thinking education she received, along with the influences of prominent scientific mentors, enabled her to make significant and visionary contributions to the nascent field of computing, establishing her legacy as a pioneer in computer science."
In what ways did Ada Lovelace collaborate with Charles Babbage on the Analytical Engine?,Ada Lovelace.txt,single-hop,"Ada Lovelace collaborated with Charles Babbage on the Analytical Engine in several significant ways. First, she was introduced to Babbage in 1833 and became deeply interested in his work on developing mechanical computing devices. Her most notable contribution came in 1842-43 when she translated an Italian article about Babbage's Analytical Engine written by Luigi Menabrea. At Babbage's suggestion, she added her own extensive notes to the translation, which were three times longer than the original article itself.

In her notes, Lovelace provided a detailed description of how codes could be created for the Analytical Engine to process not just numbers, but also letters and symbols. Importantly, she included an algorithm for the Analytical Engine to compute Bernoulli numbers, which is recognized as the first published computer program. Her notes also contained visionary insights about the potential applications of computing machines beyond just calculation, such as creating music and producing graphics. These ideas foreshadowed developments in computing technology that would not be realized until much later. This collaboration between Lovelace and Babbage showcased her pioneering role in the conceptualization and development of early computer science."
What was the significance of the algorithm Ada Lovelace published for the Analytical Engine?,Ada Lovelace.txt,single-hop,"The algorithm that Ada Lovelace published for the Analytical Engine holds significant historical importance as it is considered the first computer program ever published. In her extensive notes accompanying her translation of Luigi Menabrea's article on Charles Babbage's Analytical Engine, Lovelace detailed an algorithm designed to compute Bernoulli numbers. This marks the first instance of an algorithm being intended to be processed by a machine, establishing her as the first computer programmer.

Beyond the technical achievement of the algorithm itself, Lovelace's notes showcased her visionary understanding of the potential capabilities of computing machines. She described how the Analytical Engine could be programmed to handle not only numbers but also letters and symbols. Moreover, she speculated on the future possibilities of such devices, suggesting they could be used to create music, produce graphics, and have a wide range of applications beyond simple calculations—a foresight into concepts that would not become reality until a century later. Thus, the significance of Lovelace's algorithm extends beyond its immediate computational purpose; it represents a foundational step in the evolution of computer science and highlights her remarkable insight into the transformative potential of computing technology."
How is Ada Lovelace remembered and celebrated today in relation to women in STEM?,Ada Lovelace.txt,single-hop,"Ada Lovelace is remembered and celebrated today as a pioneering figure in computer science and as a symbol for women in technology. Her visionary contributions to computing have been recognized, particularly her work on Charles Babbage's Analytical Engine, where she published the first algorithm intended to be processed by a machine, making her the world's first computer programmer. 

Her legacy is commemorated through Ada Lovelace Day, established in 2009, which is an international celebration of the achievements of women in science, technology, engineering, and mathematics (STEM). This day aims to increase the profile of women in STEM fields and to inspire others by highlighting female role models in these areas. Additionally, the U.S. Department of Defense named a programming language, Ada, in her honor, acknowledging her early and significant contributions to the field of computing."
What contributions to mathematics did Isaac Newton make during his lifetime?,Isaac Newton.txt,single-hop,"Isaac Newton made several significant contributions to mathematics during his lifetime. He independently developed calculus, a crucial mathematical tool that explains changes and has applications in various fields such as physics, engineering, and economics. Although there was controversy over whether Gottfried Wilhelm Leibniz developed it independently around the same time, Newton's work on calculus remains a foundation of modern mathematics. 

Additionally, Newton made contributions to power series, providing methods for representing functions as infinite sums of terms. He generalized the binomial theorem, which gives the expansion of powers of a binomial expression. Newton also developed a method for approximating the roots of a function, which is a critical numerical technique in solving equations that cannot be easily solved analytically.

Newton's mathematical advancements laid the groundwork for many areas of mathematics that are still essential today, making his contributions timeless in the field."
How did the Great Plague influence Isaac Newton's scientific development?,Isaac Newton.txt,single-hop,"The Great Plague had a significant influence on Isaac Newton's scientific development. During the outbreak, Cambridge University was forced to close temporarily in 1665, which led Newton to return to his home in Woolsthorpe. This period, often referred to as his ""Annus Mirabilis"" or ""Year of Wonders,"" proved to be extraordinarily productive for Newton. Away from the formal constraints of Cambridge, he was able to concentrate on his studies and develop his groundbreaking theories.

During this time, Newton made substantial advances in several areas of science and mathematics:
- **Calculus**: He developed the fundamentals of calculus, an essential mathematical tool for describing change, independently during this time. Although controversy arose later over whether Gottfried Wilhelm Leibniz also developed it independently, Newton's work laid a crucial foundation for modern mathematics.
- **Optics**: Newton conducted experiments that led him to discover that white light is composed of a spectrum of colors, a fundamental development in the field of optics.
- **Law of Gravitation**: He formulated his law of universal gravitation; this concept provided an explanation for the attraction between all bodies in the universe, significantly contributing to the field of physics.

Thus, the Great Plague indirectly fostered Newton’s scientific development by providing him the opportunity to study in solitude and focus deeply on his research away from the typical academic environment. This time of isolation led to some of his most significant discoveries and contributions to science."
In what ways did Newton's scientific achievements lay the foundations for modern physics?,Isaac Newton.txt,single-hop,"Isaac Newton's scientific achievements laid the foundations for modern physics in several significant ways, as noted in the provided context:

1. **Laws of Motion**: Newton formulated his three laws of motion, which are fundamental principles of modern physics. These laws describe the relationship between a body and the forces acting upon it, providing a framework for understanding and predicting the behavior of objects in motion. They are applicable to a wide range of physical phenomena and form the basis for classical mechanics, which is still used to describe the motion of macroscopic objects.

2. **Universal Gravitation**: Newton's law of universal gravitation was groundbreaking in explaining how all bodies in the universe attract each other. This law showed that gravitational force is directly proportional to the product of the masses of two bodies and inversely proportional to the square of the distance between them. This principle unified the mechanics of celestial bodies and terrestrial objects under the same set of natural laws, thereby establishing a comprehensive understanding of gravitational interactions.

3. **Calculus**: Newton independently developed calculus, which he used as a tool to model and explain the changing world. The mathematical concepts he introduced, such as differentiation and integration, are essential for understanding motion, dynamics, and changes in physical systems. Calculus is a fundamental branch of mathematics in physics, enabling scientists to describe and predict a variety of natural phenomena.

4. **Optics**: Newton's work in optics, particularly his discovery that white light is composed of a spectrum of colors, contributed to the understanding of light and color. Additionally, his invention of the reflecting telescope improved the observation of astronomical objects, enhancing the study of celestial phenomena.

5. **Mathematics**: Beyond calculus, Newton's contributions to mathematics, including his work on power series, the binomial theorem, and numerical methods for approximating roots of a function, have provided essential mathematical techniques used in physics for problem-solving and analysis.

Overall, Newton's achievements in developing fundamental laws and theories created a comprehensive framework for classical mechanics and gravitational theory, deeply influencing the development of physics. This foundation remained largely unchallenged until the early 20th century when Einstein's theories of relativity expanded upon Newtonian physics, illustrating the longevity and impact of Newton's work on modern science."
What positions did Isaac Newton hold later in his life after his academic career?,Isaac Newton.txt,single-hop,"After his academic career, Isaac Newton held several distinguished positions. In 1669, he became the Lucasian Professor of Mathematics at Cambridge, which was a significant academic appointment. Later in his life, he served as Warden and then as Master of the Royal Mint. These roles involved oversight of the British currency, and during his tenure, he implemented several reforms to improve the Mint's operations. Additionally, Newton served as the President of the Royal Society, an esteemed scientific organization, where he influenced scientific research and practice. Lastly, he was knighted by Queen Anne in 1705, which was an honor recognizing his contributions to science and society, making him the second scientist to receive such an accolade."
How did Newton's personal beliefs and character traits affect his relationships with contemporaries?,Isaac Newton.txt,single-hop,"Isaac Newton's personal beliefs and character traits had a significant impact on his relationships with contemporaries. His character was marked by a difficult and contentious personality, which led to several bitter disputes with his peers. Notably, he engaged in a well-documented conflict with Gottfried Wilhelm Leibniz over the development of calculus. This dispute exemplified the intense rivalries he had, likely exacerbated by his assertive and unyielding nature.

While Newton was deeply religious, his theological views were unorthodox and remained largely private. This separation of his personal beliefs from his public scientific persona might have limited his ability to connect with contemporaries on a more personal level, potentially contributing to a lack of close relationships. Additionally, his dedication to alchemy and biblical chronology, areas considered less scientifically rigorous, may have also placed him at odds with other scientists who did not share these interests or recognized them as valid pursuits.

Moreover, Newton's engagement in these unconventional studies, along with his challenging personality, likely isolated him further from peers to whom these intense personal interests and private theological views were either alien or incomprehensible. His known secretiveness and propensity for holding grudges possibly exacerbated these tensions, making collaborative or amicable relationships with contemporaries difficult to maintain. Finally, his nervous breakdown in 1693, possibly due to mercury poisoning or exhaustion, indicates he may have struggled with mental health issues that could affect interpersonal interactions. Overall, these aspects of his character and beliefs contributed to a reputation of being difficult to work with, which had lasting effects on his relationships with other leading figures of his time."
What major theories did Albert Einstein develop that are considered pillars of modern physics?,Albert Einstein.txt,single-hop,"Albert Einstein developed two major theories that are considered pillars of modern physics: the theory of relativity and the contributions to quantum mechanics.

1. **Theory of Relativity**: Einstein published his special theory of relativity in 1905, which revolutionized our understanding of space and time by establishing that the laws of physics are the same for all non-accelerating observers, and that the speed of light in a vacuum is independent of the motion of all observers. He expanded this to include his general theory of relativity in 1915, which provided a comprehensive description of gravity as a geometric property of space and time, or spacetime. These theories significantly altered our conception of the universe, influencing many areas of physics and astronomy.

2. **Contributions to Quantum Mechanics**: Although not specifically labeled as the development of quantum mechanics, Einstein’s work on the photoelectric effect in 1905 contributed significantly to the field. He proposed that light consists of discrete quantized packets called photons, which laid the groundwork for quantum theory. This work earned him the 1921 Nobel Prize in Physics, underscoring the theory's foundational role in modern physics."
How did Einstein's equation E=mc² change our understanding of mass and energy?,Albert Einstein.txt,single-hop,"Albert Einstein's equation E=mc² is a fundamental principle that changed our understanding of the relationship between mass and energy. This equation demonstrates that mass and energy are interchangeable; they are different forms of the same thing. Prior to this breakthrough, mass and energy were considered separate entities. Einstein's mass-energy equivalence principle revolutionized physics by showing that a small amount of mass can be converted into a vast amount of energy and vice versa, according to the formula. This insight had profound implications for both theoretical and practical applications, including the development of nuclear energy and atomic weapons. It laid the groundwork for modern physics by linking mass and energy in ways that were previously unimaginable, thereby influencing both theoretical advancements and technological innovations."
What significant scientific contribution did Einstein make regarding the photoelectric effect?,Albert Einstein.txt,single-hop,"Einstein made a significant scientific contribution regarding the photoelectric effect by explaining it and proposing that light consists of discrete quantized packets known as photons. This explanation was pivotal because it provided evidence for the concept that light has particle-like properties, which was a major departure from the classical wave theory of light prevalent at the time. His work on the photoelectric effect significantly contributed to the development of quantum theory. Due to this groundbreaking contribution, Einstein was awarded the Nobel Prize in Physics in 1921. The recognition underscores the importance of his work on the photoelectric effect in advancing our understanding of the interaction between light and matter."
What challenges did Einstein face in his personal life while pursuing his scientific career?,Albert Einstein.txt,single-hop,"Albert Einstein faced several challenges in his personal life while pursuing his scientific career. One significant challenge was balancing his family life with his scientific pursuits. Einstein was married twice, and his personal letters reveal that he had complex relationships, indicating difficulties in managing these aspects of his life. His first marriage was to Mileva Marić, with whom he had three children. The nature of their relationship, along with the responsibilities of being a husband and father, likely added personal strain as he continued his groundbreaking scientific work.

Additionally, after his divorce from Mileva, Einstein married his cousin Elsa Löwenthal. The context implies that these relationships were complicated, suggesting they might have posed emotional and personal challenges during his career. Furthermore, such challenges would have been intertwined with the difficulties of maintaining a stable family life while simultaneously being deeply involved in the demanding and abstract realm of theoretical physics research.

These aspects of Einstein's personal life highlight the complexity and difficulty of managing personal relationships alongside the dedication needed for his scientific contributions."
How has Einstein's legacy and influence persisted in the field of physics after his death?,Albert Einstein.txt,single-hop,"Albert Einstein's legacy and influence in the field of physics have persisted long after his death through several key aspects of his work and its ongoing impact. His contributions to theoretical physics, particularly the theory of relativity and the mass-energy equivalence equation (E=mc²), have become foundational elements in modern physics. 

Einstein's theory of relativity, which includes both the special and general theories, revolutionized our understanding of space, time, and gravity. These theories have been repeatedly confirmed through numerous experimental tests, which underscores their significance and enduring impact on the field. The discovery of gravitational waves in 2015, a century after Einstein predicted them, is a recent and notable example, highlighting the lasting relevance of his scientific insights.

Moreover, Einstein's explanation of the photoelectric effect, which earned him the Nobel Prize in Physics in 1921, greatly contributed to the development of quantum theory. His work in this area laid important groundwork for future research in quantum mechanics, one of the two pillars of modern physics alongside relativity.

Einstein's influence also extends to the scientific community's approach to international cooperation and the ethical considerations of scientific advancements, particularly with his advocacy for nuclear disarmament after the development of atomic weapons. This humanitarian outlook and emphasis on global collaboration continue to shape dialogues in scientific and international policy circles.

Overall, Einstein's profound scientific contributions, predictive insights, and humanitarian values continue to influence and inspire ongoing research, innovation, and philosophical thought in physics and beyond. His work remains integral to our understanding of the universe and serves as a guidepost for future scientific exploration."
What was Charles Darwin's most famous contribution to science?,Charles Darwin.txt,single-hop,"Charles Darwin's most famous contribution to science was his theory of evolution by natural selection. This theory proposed that species evolve over generations through a process where individuals with traits that enable them to adapt better to their environment are more likely to survive and reproduce. These advantageous traits are then passed on to their offspring. This groundbreaking idea challenged the prevailing views of the time regarding the immutable nature of species and provided a scientific explanation for the diversity of life seen on Earth. Darwin's theory was first published with compelling evidence in his 1859 book ""On the Origin of Species."" His observations during the voyage of the HMS Beagle, particularly of finches in the Galápagos Islands and fossils in South America, significantly influenced the development of his ideas on species adaptation and natural selection. This theory has since become a fundamental concept in science and has shaped the understanding of biological evolution."
How did Darwin's early education influence his interest in natural history?,Charles Darwin.txt,single-hop,"Charles Darwin's early education played a significant role in nurturing his interest in natural history. Initially, Darwin attended the University of Edinburgh Medical School, where he found the environment less than stimulating, as surgery proved distressing, and the lectures were dull to him. This dissatisfaction led him to transfer to Christ's College, Cambridge, in 1828 to pursue a Bachelor of Arts degree with the original aim of becoming a clergyman. 

However, it was at Cambridge that Darwin's interest in natural history truly blossomed. This growth in interest can largely be attributed to the influence and mentorship of John Stevens Henslow, a botany professor at Cambridge. Under Henslow's guidance, Darwin's fascination with natural history deepened considerably. The mentorship he received from Henslow played a crucial part in shaping his scientific interests and laid the foundation for his later contributions to the field of evolution. Thus, while his initial foray into education had little impact on his passion for natural history, his time at Cambridge, influenced by Professor Henslow, was pivotal in steering him towards the path that would ultimately define his legacy."
What discoveries did Darwin make during his voyage on the HMS Beagle?,Charles Darwin.txt,single-hop,"During his voyage on the HMS Beagle, Charles Darwin made several important discoveries that were crucial in shaping his ideas about species adaptation and natural selection. He collected numerous specimens and made detailed observations of plants, animals, and geological formations around the world. Some of the key discoveries included:

1. **Observations of Finches in the Galápagos Islands**: Darwin noted the variations in the beaks of finches across different islands. Each variation seemed to be adapted to the specific dietary resources available on their respective islands, which suggested that species can adapt to their environments over time.

2. **Variations in Tortoises**: Similar to the finches, Darwin observed differences among tortoise populations on the Galápagos Islands. These variations further supported the idea that species could evolve differently based on their habitats.

3. **Fossils of Extinct Animals in South America**: While in South America, Darwin discovered fossils of large extinct animals alongside modern animals. This finding hinted at the possibility of change over time in species, contributing to his thinking about extinction and adaptation.

These findings and observations during the Beagle expedition were instrumental in the development of Darwin's theory of evolution by natural selection, providing real-world evidence that species could change and adapt to their environments over successive generations."
What were the key elements of Darwin's theory of evolution by natural selection?,Charles Darwin.txt,single-hop,"Darwin's theory of evolution by natural selection, as described in the context, involves several key elements:

1. **Descent from Common Ancestors**: Darwin proposed that all species of life have descended from common ancestors. This means that the diversity of life we see today has evolved from ancestors that were once shared by different species.

2. **Natural Selection**: Central to Darwin's theory is the idea of natural selection, where individuals with traits that enhance their ability to adapt to their environment are more likely to survive and reproduce. These advantageous traits are passed down to future generations.

3. **Adaptation**: The theory emphasizes that species evolve over generations by adapting to their environment. The variations within species that improve survival and reproduction are selected over time.

These elements lead to the gradual evolution of species, with natural selection acting as a mechanism for adaptation and survival. Darwin's observations during the voyage of the HMS Beagle, such as variations in finches and tortoises in the Galápagos Islands, were critical in formulating these ideas about species adaptation and natural selection."
How has Darwin's legacy impacted fields outside of biology?,Charles Darwin.txt,single-hop,"Charles Darwin's legacy has had a profound impact on fields outside of biology. Although the context primarily focuses on his contributions to the science of evolution, it highlights that Darwin's ideas have permeated various other disciplines.

1. **Psychology**: Darwin's concepts have influenced the field of psychology by providing a framework for understanding human behavior and mental processes through an evolutionary lens. The ideas of adaptation and survival have been used to analyze the development of psychological traits and mechanisms.

2. **Economics**: In economics, Darwin's ideas have been adapted to explain competitive markets and the evolution of economic systems. Concepts such as ""survival of the fittest"" are often used metaphorically to describe market dynamics and competitive strategies among firms.

3. **Computer Science**: Darwin's principles of natural selection have been applied in computer science, particularly in the development of algorithms and artificial intelligence. Genetic algorithms, inspired by the process of natural selection, are used to solve optimization and search problems by mimicking evolutionary processes.

Although the core of Darwin's legacy is his theory of evolution through natural selection, its application far beyond the realm of biology demonstrates the versatility and widespread influence of his ideas across different fields of study."
What was Marie Curie's significance in the field of radioactivity?,Marie Sklodowska.txt,single-hop,"Marie Curie's significance in the field of radioactivity is profound and multi-faceted. She was a pioneering physicist and chemist who conducted groundbreaking research on the phenomenon of radioactivity, which was a term she coined. Her major contributions to the field include:

1. **Discovery of Radioactive Elements**: Along with her husband Pierre Curie, Marie discovered the elements polonium and radium in 1898. These discoveries were crucial in expanding the understanding of radioactive substances and their properties.

2. **Isolation of Radium**: Despite the tragic death of her husband in 1906, Marie continued her research and succeeded in isolating radium in its pure metallic state by 1910. This was a significant achievement, as it allowed for more accurate scientific experimentation and medical applications involving radium.

3. **Nobel Prizes**: Marie Curie's work on radioactivity was recognized with two Nobel Prizes. In 1903, she shared the Nobel Prize in Physics with Pierre Curie and Henri Becquerel for their collective work on radiation phenomena. Later, in 1911, she was awarded the Nobel Prize in Chemistry for her discoveries of polonium and radium and for her success in isolating radium.

4. **Development of Mobile X-ray Units**: During World War I, Marie Curie applied her expertise in radioactivity to the development of mobile X-ray units. These units were used to examine injured soldiers on the battlefield, illustrating the practical medical applications of her research.

Overall, Marie Curie's work laid the foundation for advances in the use of radiation in medicine, for example in x-rays and cancer treatment, and spurred further research into radioactive substances, eventually contributing to the development of atomic energy. Her pioneering efforts not only advanced the scientific understanding of radioactivity but also had a lasting impact on medical practices and technology."
How did Marie Curie's family background influence her education?,Marie Sklodowska.txt,single-hop,"Marie Curie's family background played a significant role in influencing her education. She was born into a family that highly valued education despite experiencing financial difficulties. This emphasis on the importance of learning and knowledge likely instilled in Marie a deep appreciation for education and a determination to pursue her own academic goals. 

However, due to societal constraints in Poland at the time, particularly the restriction against women attending universities, Marie and her sister Bronisława devised a plan to support each other's educational pursuits. This arrangement entailed Marie working as a governess to help finance her sister's medical studies in Paris with the understanding that Bronisława would later reciprocate by supporting Marie's education. This pact between the sisters reflects the family's commitment to overcoming obstacles and ensuring educational opportunities, which ultimately allowed Marie to study physics and mathematics at the University of Paris. Her family's values and her agreement with her sister were pivotal in enabling Marie Curie to achieve her groundbreaking academic and scientific accomplishments."
What notable achievements did Marie Curie accomplish during World War I?,Marie Sklodowska.txt,single-hop,"During World War I, Marie Curie made a significant contribution by developing mobile X-ray units to assist with treating wounded soldiers on the battlefield. These mobile units, often referred to as ""petites Curies,"" allowed for the quick and effective examination of injuries, facilitating timely medical interventions and significantly improving the care provided to the injured during the war. This initiative during the war demonstrated her commitment to applying scientific advancements for humanitarian purposes."
"In which years did Marie Curie win her Nobel Prizes, and in what fields?",Marie Sklodowska.txt,single-hop,"Marie Curie won her Nobel Prizes in two separate years and in two distinct scientific fields, as detailed in the provided context:

1. **1903**: Marie Curie received the Nobel Prize in Physics, which she shared with her husband Pierre Curie and Henri Becquerel. This award was for their collective work on radiation phenomena.

2. **1911**: Marie Curie was awarded the Nobel Prize in Chemistry. She received this accolade for the discovery of the elements polonium and radium, as well as the isolation of radium.

Marie Curie's achievements in these two scientific areas, physics and chemistry, make her the only person to have won Nobel Prizes in two different scientific fields."
What were the health consequences of Marie Curie's research on radiation exposure?,Marie Sklodowska.txt,single-hop,"Marie Curie's extensive research on radioactivity led to serious health consequences due to prolonged exposure to radiation. Unaware of the dangers, she regularly carried test tubes of radioactive isotopes in her pockets and stored them in her desk drawer. This constant exposure resulted in her developing aplastic anemia, a condition where the bone marrow fails to produce enough blood cells. Ultimately, this disease led to her death on July 4, 1934. Additionally, her papers from the 1890s remain highly radioactive, necessitating storage in lead-lined boxes and requiring viewers to wear protective clothing. These details underscore the significant health risks Curie faced as a result of her groundbreaking and pioneering work with radioactive materials."
Which scientists contributed to the foundations of modern physics and what are their key theories or discoveries?,multiple,multi-hop,"To address the question about the scientists who contributed to the foundations of modern physics and their key theories or discoveries, we need to consider the following individuals based on the provided context:

1. **Isaac Newton (1642-1727)**: Newton is a central figure in the scientific revolution and made significant contributions to classical mechanics, which laid the groundwork for modern physics. His key discoveries include:
   - **Laws of Motion**: Newton's three laws of motion form the basic principles of modern physics.
   - **Universal Gravitation**: He formulated the law of universal gravitation, establishing a framework to understand gravitational forces.
   - **Calculus**: Newton independently developed calculus, which is a fundamental tool in physics for explaining changes and motion.

2. **Albert Einstein (1879-1955)**: Einstein is widely recognized for his revolutionary impact on modern physics, fundamentally altering our understanding of space, time, and energy through:
   - **Theory of Relativity**: His special and general theories of relativity revolutionized our understanding of the universe.
   - **Mass-Energy Equivalence**: He proposed the famous equation E=mc², indicating the relationship between mass and energy.
   - **Photoelectric Effect**: Einstein explained the photoelectric effect, an essential contribution to quantum theory, earning him the Nobel Prize in Physics.

From the context provided in these documents, Newton's contributions set the stage for classical mechanics and laid the foundation for the entire field of physics, while Einstein's ideas about relativity and quantum theory represented a paradigm shift toward modern physics. Therefore, both Newton and Einstein are pivotal figures whose theories and discoveries are fundamental to the development of modern physics."
How did Ada Lovelace's work on the Analytical Engine connect with the later developments in computing by Albert Einstein?,multiple,multi-hop,"Ada Lovelace's work on Charles Babbage's Analytical Engine and Albert Einstein's contributions to modern physics, while distinct in their fields and time periods, both represent foundational shifts in their respective areas that eventually converged in the development of modern computing.

Ada Lovelace, in the mid-19th century, was the first to conceptualize a machine (the Analytical Engine) that could go beyond mere calculation to process symbols and possibly create music and graphics, ideas that wouldn't be explored further until much later. Her work laid theoretical groundwork for the field of computer science, particularly with her design of the first algorithm intended for machine processing, which is the essence of programming.

Albert Einstein, several decades later, transformed physics with his theories of relativity and contributions to quantum mechanics. These scientific advancements, specifically in quantum theory, laid the groundwork for the development of modern electronic technologies, including semiconductors and, eventually, computers. Einstein's revolutionary equation E=mc² and his understanding of physical phenomena influenced countless technological innovations that underpin the hardware aspects of computing.

The significant connection between Ada Lovelace's visionary ideas and Albert Einstein's scientific achievements is found in their foundational roles for later technological advancements. Lovelace's theoretical work anticipated the flexibility and potential of computing machines, which became a reality through the electronic and theoretical advancements partly influenced by Einstein's work on quantum theory. Thus, while Lovelace and Einstein's contributions were distinct in nature, they both contributed to the evolution of computing technologies that are integral to modern science and technology."
In what ways did Charles Darwin's theory of evolution intersect with the scientific principles established by Isaac Newton?,multiple,multi-hop,"Charles Darwin's theory of evolution and Isaac Newton's scientific principles both transformed their respective fields by providing comprehensive frameworks that explained natural phenomena. Although their contributions were in different scientific domains, there are intersections in the following ways:

1. **Scientific Frameworks**: Isaac Newton's laws of motion and universal gravitation established a framework for understanding physical phenomena, unifying terrestrial and celestial mechanics. Similarly, Darwin's theory of evolution by natural selection offered a foundational framework for understanding biological diversity and the development of species over time. Both frameworks provided comprehensive, systematic explanations that could be tested and built upon, establishing new paradigms in their fields.

2. **Use of Empirical Evidence**: Both scientists were pioneers in drawing conclusions from empirical evidence. Newton's laws of motion and gravitation were derived from meticulous observations and mathematical calculations. Likewise, Darwin's theory was formulated based on extensive empirical evidence gathered during his voyage on the HMS Beagle, including observations of species on the Galápagos Islands.

3. **Influence on Future Scientific Thought**: Newton's methods influenced scientific investigation by emphasizing mathematical precision, prediction, and systematic experimentation. Darwin's work, while focusing on the biological world, similarly paved the way for future scientific inquiry, influencing fields like genetics and molecular biology that rely on empirical evidence and evolutionary principles.

4. **Cross-Disciplinary Impact**: Newton's principles influenced not just physics and astronomy but also engineering and technology. Darwin's ideas extended beyond biology to fields such as psychology, economics, and even computer science, illustrating an interplay between natural and applied sciences.

Thus, while Newton laid the foundational principles for physical sciences, Darwin used empirical evidence to revolutionize the understanding of life sciences, both contributing systematic methods and insights that have shaped modern scientific approaches."
"What were the primary fields of study pursued by both Marie Curie and Ada Lovelace, and how did their contributions influence scientific understanding in their respective areas?",multiple,multi-hop,"Marie Curie and Ada Lovelace were both pioneers in their respective fields, though they worked in quite different areas of study. 

Marie Curie, a physicist and chemist, conducted groundbreaking research in the field of radioactivity. She discovered the elements polonium and radium and isolated radium in its pure metallic state. Her work on radioactivity laid the foundation for significant advancements in medical treatment and scientific understanding of atomic physics. Her legacy includes the development of X-rays in surgery and the creation of the Curie Institutes, which remain vital to medical research.

Ada Lovelace, on the other hand, focused on mathematics and computing. She is renowned for her work on Charles Babbage's Analytical Engine, a proposed mechanical general-purpose computer. Lovelace is often recognized as the world's first computer programmer, having published the first algorithm intended for machine processing. Her visionary insights included the potential of computing machines to go beyond numerical calculations to include tasks such as music creation and graphics production.

While Curie and Lovelace did not directly contribute to the same scientific fields, both made significant impacts: Curie in the practical application of scientific principles to medicine and physics, and Lovelace in envisioning the vast possibilities of computing machinery, which set the stage for future developments in computer science. Their contributions have inspired generations of scientists and continue to influence their respective areas of study."
How did the personal challenges faced by Marie Curie compare to those encountered by Ada Lovelace in their professional lives?,multiple,multi-hop,"Marie Curie and Ada Lovelace both faced significant personal challenges in their professional lives, although their experiences differed in nature based on their respective historical and personal contexts.

**Marie Curie** faced challenges primarily related to gender discrimination and the dangers of her work. Despite her groundbreaking achievements in radioactivity, she encountered significant barriers due to her gender. She was not fully recognized for her work initially, and she faced difficulties in gaining acceptance within the male-dominated scientific community. Additionally, Curie battled with the consequences of prolonged exposure to radioactive materials, which ultimately led to her development of aplastic anemia and her death. Moreover, Marie faced personal adversity when her husband, Pierre Curie, died unexpectedly in 1906, leaving her to manage both her scientific work and their family.

**Ada Lovelace**, on the other hand, faced societal challenges typical of the 19th century, as scientific education and professional opportunities for women were limited. Her mother, determined to provide her with a rigorous education in mathematics and science to counterbalance her father Lord Byron's ""poetic temperament,"" ensured Ada received schooling uncommon for women of her time. Ada also had to contend with health issues throughout her life, which were severe enough to lead to dependencies on opium and morphine. Despite her illness, Lovelace made significant contributions to computing, although her work was not widely recognized during her lifetime. 

Both women overcame societal limits on women's education and roles in science, though Ada Lovelace's achievements were largely unknown until long after her death, while Marie Curie's work eventually earned her unprecedented recognition, including two Nobel Prizes. Despite these differences, both encountered societal and personal obstacles, but their accomplishments continue to inspire women in STEM fields today."
What connections can be drawn between the theories of natural selection proposed by Charles Darwin and the laws of motion formulated by Isaac Newton?,multiple,multi-hop,"The theories of natural selection proposed by Charles Darwin and the laws of motion formulated by Isaac Newton are foundational contributions to their respective fields, biology and physics. While Darwin's and Newton's theories naturally pertain to distinct domains, both fundamentally altered scientific understanding and methodology.

1. **Mechanistic Understanding**: Newton's laws of motion provided a mechanistic explanation of physical phenomena, where forces account for the motion of objects. Similarly, Darwin's theory of natural selection offers a mechanistic explanation in biology, describing how environmental pressures lead to certain traits being more favorable for reproduction and survival. Both theories explain how complex systems operate through comprehensible natural processes.

2. **Scientific Revolution**: Each theory initiated a paradigm shift in its field. Newton's work laid the groundwork for classical mechanics, changing the way humanity understood the physical universe. Darwin's ideas reshaped biological sciences by explaining the diversity of life through evolution rather than creationism or static species concepts.

3. **Empirical Evidence and Observations**: Both scientists prioritized empirical evidence and observations to substantiate their theories. Newton's formulation of laws was grounded in rigorous mathematical formalism, while Darwin's ideas were supported by extensive field observations and the collection of specimens during the voyage of the HMS Beagle.

4. **Unified Frameworks**: Just as Newton's laws unified terrestrial and celestial mechanics, Darwin's theory of evolution through natural selection unified the diversity of life under a single explanatory framework. Both provided comprehensive models that integrated numerous observations into cohesive scientific theories.

Despite not being directly related in content or purpose, both Newton and Darwin's contributions reflect pivotal developments in understanding natural laws, influencing subsequent research methodologies and philosophical considerations about the natural world."
"How did the historical contexts of Isaac Newton and Albert Einstein influence their scientific achievements, particularly in relation to the study of gravity?",multiple,multi-hop,"Isaac Newton and Albert Einstein made groundbreaking contributions to the study of gravity, heavily influenced by the historical contexts in which they lived and worked.

**Isaac Newton (1642-1727):** Newton lived during the Scientific Revolution—a period characterized by advancements in science, mathematics, and philosophy. The lack of a comprehensive framework for understanding physical phenomena provided Newton the opportunity to develop foundational theories. In this context, Newton formulated the law of universal gravitation, explaining that all bodies attract each other with a force proportional to their masses and inversely proportional to the square of the distance between them. Newton's ""Philosophiæ Naturalis Principia Mathematica"" established the framework of classical mechanics. The era's focus on rationalism and emphasis on observable, empirical evidence influenced Newton's approach to scientific investigation, enabling him to unify previous astronomical and physical findings into a coherent theory of motion and celestial mechanics.

**Albert Einstein (1879-1955):** Einstein's work on gravity came during a time of great theoretical and experimental innovation in physics. The early 20th century was marked by rapid advances in understanding the universe, including developments in electromagnetism and the nascent quantum theory. Working in this period of scientific upheaval, Einstein formulated the general theory of relativity, revolutionizing the understanding of gravity. Unlike Newton's conception of gravity as a force, Einstein's theory described gravity as the curvature of spacetime caused by mass. His theory not only addressed limitations of Newton's laws in the realm of very large masses and high velocities but also aligned with new scientific paradigms of the time, such as the constant speed of light in a vacuum and the variability of temporal and spatial measures. The confirmation of general relativity's predictions about light bending during a solar eclipse in 1919 further solidified Einstein's status and validated the shift from Newtonian to modern physics.

In summary, Newton's achievements were facilitated by the beginnings of systematic scientific inquiry during the Scientific Revolution, enabling the development of classical mechanics. In contrast, Einstein's contributions, particularly in redefining gravity through general relativity, were influenced by the intellectual shifts and new technological capabilities of the early 20th century, highlighting a transition to modern physics grounded in new understandings of space and time."
"Which notable achievements did Albert Einstein and Isaac Newton accomplish that significantly changed the course of physics, and how do they relate?",multiple,multi-hop,"Albert Einstein and Isaac Newton made groundbreaking contributions that significantly changed the course of physics. Isaac Newton's notable achievements include the formulation of the laws of motion and the law of universal gravitation. His work, ""Philosophiæ Naturalis Principia Mathematica,"" laid the foundation for classical mechanics by explaining how bodies move under the influence of forces and how gravity governs motion both on Earth and in the universe. Newton's formulations established a framework that unified terrestrial and celestial mechanics, which remained largely unchallenged until the early 20th century.

Albert Einstein revolutionized physics with his development of the theory of relativity, which consists of both the special and general theories of relativity. Published in 1905 and 1915 respectively, these theories transformed the understanding of space, time, gravity, and the universe. Einstein's work introduced the concept of mass-energy equivalence, encapsulated in the famous equation E=mc². This shifted the perception of gravity from a force between masses, as Newton described, to the curvature of spacetime around mass.

The relationship between their achievements is both historical and conceptual. Newton's laws provided a comprehensive explanation of motion and gravity, forming the backbone of classical physics. Einstein built upon and eventually expanded these foundations with his theories, addressing scenarios not adequately explained by Newtonian mechanics, such as objects moving at high speeds close to the speed of light and the effects of strong gravitational fields. Thus, Einstein's relativity provided a more complete framework for modern physics, revealing new dimensions of cosmic phenomena that Newton's theories couldn't account for at the time. Together, the contributions of Newton and Einstein represent major milestones in the progress of physics."
How did the analytical methods of Ada Lovelace in computing parallel the experimental techniques employed by Marie Curie in her research on radioactivity?,multiple,multi-hop,"Ada Lovelace and Marie Curie, while working in very different scientific fields and time periods, both demonstrated unique pioneering methodologies that significantly advanced their respective disciplines. 

Ada Lovelace's analytical methods in computing were innovative because she conceptualized how Charles Babbage's Analytical Engine, a mechanical general-purpose computer, could process instructions and perform calculations. Lovelace's notes on the Analytical Engine included an algorithm to compute Bernoulli numbers, which is considered the world's first computer program. She demonstrated visionary insight by proposing that such computing machines could handle symbols, letters, and numbers, and speculated on applications beyond mere calculation, such as creating music or graphics. Lovelace’s approach was largely theoretical but involved a deep understanding of mathematical structures and symbolic manipulation, laying the groundwork for modern computer programming.

Marie Curie, on the other hand, employed experimental techniques in her research on radioactivity. Her pioneering work involved the physical and chemical separation of radioactive isotopes, and she discovered the elements polonium and radium. Curie’s research was characterized by rigorous empirical experimentation—she meticulously isolated radium in its pure form, contributing significantly to the practical understanding of radioactivity. Her work laid the foundation for medical advancements such as the development of X-ray technology.

The parallel between Lovelace's and Curie's work lies in their groundbreaking innovation and their ability to foresee future applications beyond their immediate research. Both were able to envision applications of their findings that were not immediately apparent to their contemporaries: Lovelace in computing and encoding processes, and Curie in the medical use of radioactive compounds. Despite working in different scientific disciplines, Lovelace and Curie both exemplified the use of meticulous, methodical approaches—analytical in Lovelace's case, and experimental in Curie’s—to push the boundaries of human knowledge and technology. Their work laid foundational blocks in the fields of computer science and radioactivity, respectively, and inspired future generations of scientists."
In what ways did the professional environments of female scientists like Ada Lovelace and Marie Curie reflect the gender norms of their respective eras?,multiple,multi-hop,"The professional environments of female scientists like Ada Lovelace and Marie Curie reflect the gender norms of their respective eras in several significant ways:

1. **Educational Barriers and Unique Opportunities**:
   - In Ada Lovelace's time (early to mid-19th century), it was unusual for women to receive formal education in mathematics and science. Her education was heavily influenced by her mother, who ensured a rigorous education in these subjects, which was atypical for women of her time. Lovelace's prominent connections and intellectual capabilities allowed her to engage with notable academics, such as Mary Somerville and Augustus De Morgan, which were critical in her development as a pioneer in computing.
   - Marie Curie, living in the late 19th and early 20th centuries, faced different impediments. In her native Poland, higher education institutions did not admit women, compelling her to pursue her studies in Paris at the University of Paris (Sorbonne). Even then, entry to such institutions required extraordinary personal sacrifice and familial support agreements, as she had to work as a governess to support her sister's education before she could pursue her own.

2. **Professional Contributions and Recognition**:
   - Ada Lovelace's contributions, particularly her notes on Charles Babbage's Analytical Engine, were significant yet largely forgotten until republished in the mid-20th century. Her work is now celebrated but did not gain the recognition it deserved during her lifetime, indicative of the broader trend of women's scientific contributions being marginalized.
   - Marie Curie, despite her groundbreaking research on radioactivity and being awarded two Nobel Prizes, faced substantial gender-based discrimination throughout her career. After her husband's death, her continuation of their work further emphasized her scientific merit, yet she still encountered barriers typical for women in science during her time, such as difficulty in assuming academic positions and skepticism from the predominantly male scientific community.

3. **Cultural and Social Challenges**:
   - Lovelace existed in a society where women were generally expected to focus on domestic roles rather than intellectual pursuits. Her work was possible through the conducive yet exceptional conditions allowed by her social status and connections.
   - Curie's environment, while more progressive in terms of academic inclusion by the early 20th century, was still rife with traditional gender biases. Women were often seen as less capable in scientific fields, an outlook Curie actively challenged through her achievements and by assuming academic roles previously unavailable to women, such as her position at the Sorbonne.

In summary, both Ada Lovelace and Marie Curie operated within and against the prevailing gender norms of their times. Lovelace's pioneering work in computing was constrained by the lack of recognition common for women in her era, while Curie's scientific breakthroughs, despite formidable recognition, continued to confront significant gender-based obstacles. Both women exemplified extraordinary determination in environments where female participation in science was often undervalued or discouraged."
